,0
0,https://www.apartments.com/jackson-apartments-seattle-wa/vblnwkf/
1,https://www.apartments.com/elan-41-seattle-wa/84egbw0/
2,https://www.apartments.com/circa-green-lake-apartments-seattle-wa/bwmn6x8/
3,https://www.apartments.com/luna-seattle-wa/yey9vtr/
4,https://www.apartments.com/tower-12-seattle-wa/sx3e5w7/
5,https://www.apartments.com/common-summit-seattle-wa/1kqlte6/
6,https://www.apartments.com/harbor-steps-seattle-wa/f2k13cs/
7,https://www.apartments.com/ballard-57-apartments-seattle-wa/e04s10m/
8,https://www.apartments.com/fox-finch-apartments-seattle-wa/2vfz449/
9,https://www.apartments.com/tellus-on-dexter-apartments-seattle-wa/2t6p4k8/
10,https://www.apartments.com/lane-seattle-wa/s7wg576/
11,https://www.apartments.com/overlook-at-magnolia-seattle-wa/pmzb5pv/
12,https://www.apartments.com/met-tower-seattle-wa/qjgvn6y/
13,https://www.apartments.com/olympus-seattle-wa/vyeqn7d/
14,https://www.apartments.com/the-olivian-seattle-wa/srj9ny6/
15,https://www.apartments.com/leilani-apartment-homes-seattle-wa/nq961rp/
16,https://www.apartments.com/airmark-apartments-seattle-wa/qrmphlw/
17,https://www.apartments.com/assembly118-seattle-wa/bxw49bc/
18,https://www.apartments.com/helm-seattle-wa/5r5yjgm/
19,https://www.apartments.com/mera-seattle-wa/mb7682j/
20,https://www.apartments.com/origin-apartments-seattle-wa/xkbt5xn/
21,https://www.apartments.com/chloe-on-union-seattle-wa/dqwtp9k/
22,https://www.apartments.com/griffis-belltown-seattle-wa/wp85ysj/
23,https://www.apartments.com/charbern-apartments-seattle-wa/xhwycjn/
24,https://www.apartments.com/amli-south-lake-union-seattle-wa/wec85fk/
25,https://www.apartments.com/arthouse-seattle-wa/dgwn88h/
26,https://www.apartments.com/amli-mark24-seattle-wa/twk16f9/
27,https://www.apartments.com/the-station-at-othello-park-seattle-wa/jbdwrp5/
28,https://www.apartments.com/elara-at-the-market-seattle-wa/15vbwd5/
29,https://www.apartments.com/pike-motorworks-seattle-wa/36w9qlf/
30,https://www.apartments.com/via-6-seattle-wa/kcfv0lc/
31,https://www.apartments.com/cascade-seattle-wa/pwl4xcr/
32,https://www.apartments.com/park-south-seattle-wa/39gy0kf/
33,https://www.apartments.com/spruce-seattle-wa/4004bel/
34,https://www.apartments.com/mark-on-8th-seattle-wa/j0fwr05/
35,https://www.apartments.com/the-mill-at-first-hill-seattle-wa/3z5s8mg/
36,https://www.apartments.com/lofts-at-the-junction-seattle-wa/cpjhyce/
37,https://www.apartments.com/centennial-tower-and-court-seattle-wa/49dmkrl/
38,https://www.apartments.com/helios-seattle-wa/qb5scwx/
39,https://www.apartments.com/saxton-seattle-wa/zsf985y/
40,https://www.apartments.com/odin-seattle-wa/lqkg86d/
41,https://www.apartments.com/vive-seattle-wa/2nhksx8/
42,https://www.apartments.com/bogtown-flats-seattle-wa/7ttqnjy/
43,https://www.apartments.com/westlake-steps-seattle-wa/9wpsv97/
44,https://www.apartments.com/amli-arc-seattle-wa/1yf8vx5/
45,https://www.apartments.com/juxt-seattle-wa/zm47ytw/
46,https://www.apartments.com/cityline-seattle-wa/l4knj3g/
47,https://www.apartments.com/lightbox-seattle-wa/np3qvbp/
48,https://www.apartments.com/one-lakefront-seattle-wa/7yvbetw/
49,https://www.apartments.com/rivet-apartments-seattle-wa/ye5ck9r/
50,https://www.apartments.com/the-kennedy-building-seattle-wa/fd6hspr/
51,https://www.apartments.com/infinity-apartments-seattle-wa/yszd59t/
52,https://www.apartments.com/bowman-seattle-wa/3xvcwwe/
53,https://www.apartments.com/sitka-seattle-wa/5235n3m/
54,https://www.apartments.com/ascent-south-lake-union-seattle-wa/gg967yx/
55,https://www.apartments.com/marlowe-seattle-wa/7n52vsx/
56,https://www.apartments.com/mckenzie-seattle-wa/tc4dx7b/
57,https://www.apartments.com/624-yale-seattle-wa/8k03zd2/
58,https://www.apartments.com/stazione25-seattle-wa/t6gpln8/
59,https://www.apartments.com/st-james-tower-seattle-wa/l0k2dve/
60,https://www.apartments.com/cadence-seattle-wa/ltbg8vd/
61,https://www.apartments.com/alexan-100-seattle-wa/05exse0/
62,https://www.apartments.com/vida-seattle-seattle-wa/97z0395/
63,https://www.apartments.com/sedona-apartments-seattle-wa/ch0j5kf/
64,https://www.apartments.com/kiara-seattle-wa/edmmh6n/
65,https://www.apartments.com/broadstone-sky-seattle-wa/nhhmrdp/
66,https://www.apartments.com/overlook-at-westridge-seattle-wa/rjn5dh0/
67,https://www.apartments.com/batik-seattle-wa/5kpgz8n/
68,https://www.apartments.com/malloy-seattle-wa/f7vv06v/
69,https://www.apartments.com/premiere-on-pine-seattle-wa/rzcc5x1/
70,https://www.apartments.com/garden-pointe-seattle-wa/n3e96pq/
71,https://www.apartments.com/hana-apartments-seattle-wa/8mhszb0/
72,https://www.apartments.com/sorento-flats-seattle-wa/bfnjskb/
73,https://www.apartments.com/rise-on-67th-seattle-wa/ydh6cdr/
74,https://www.apartments.com/derby-south-lake-union-seattle-wa/xyy1rmn/
75,https://www.apartments.com/oakwood-residence-seattle-south-lake-union-seattle-wa/995kg24/
76,https://www.apartments.com/novo-seattle-seattle-wa/nrb0ttm/
77,https://www.apartments.com/maude-urban-living-seattle-wa/kx2eyyc/
78,https://www.apartments.com/common-madison-seattle-wa/h8g2dd0/
79,https://www.apartments.com/chroma-slu-seattle-wa/53ysvvn/
80,https://www.apartments.com/kinects-tower-seattle-wa/59r318n/
81,https://www.apartments.com/arrive-seattle-wa/91t6ym4/
82,https://www.apartments.com/verve-apartments-seattle-wa/lywnbqg/
83,https://www.apartments.com/thornton-place-seattle-wa/ftt6p0v/
84,https://www.apartments.com/vertex-off-broadway-seattle-wa/c5t177e/
85,https://www.apartments.com/excelsior-seattle-wa/sd54b15/
86,https://www.apartments.com/leeward-seattle-wa/yqyql2t/
87,https://www.apartments.com/the-shelby-seattle-wa/cd611cd/
88,https://www.apartments.com/koi-seattle-wa/4pl0d7k/
89,https://www.apartments.com/alto-apartments-seattle-wa/35y5bce/
90,https://www.apartments.com/206-bell-seattle-wa/3v1hy4e/
91,https://www.apartments.com/east-howe-steps-seattle-wa/dgnwmfj/
92,https://www.apartments.com/the-post-seattle-wa/ntbsfrm/
93,https://www.apartments.com/the-wilcox-seattle-wa/06gzr13/
94,https://www.apartments.com/aura-west-seattle-seattle-wa/pns15wr/
95,https://www.apartments.com/stack-house-seattle-wa/r9splt0/
96,https://www.apartments.com/ballard-on-the-park-seattle-wa/z754zkw/
97,https://www.apartments.com/summit-at-madison-park-seattle-wa/477y2vh/
98,https://www.apartments.com/element-42-seattle-wa/qdvlfty/
99,https://www.apartments.com/the-loop-seattle-wa/742mryz/
100,https://www.apartments.com/3030-lake-city-seattle-wa/rpfk3p0/
101,https://www.apartments.com/westhaven-apartments-seattle-wa/yhsgsbv/
102,https://www.apartments.com/wilsonian-seattle-wa/tynqzvb/
103,https://www.apartments.com/the-m-seattle-wa/d6m705l/
104,https://www.apartments.com/square-one-seattle-wa/xlfdkdp/
105,https://www.apartments.com/rollin-street-seattle-wa/hjg8c83/
106,https://www.apartments.com/100-on-6th-seattle-wa/0fgk9q0/
107,https://www.apartments.com/packard-building-seattle-wa/7xpvw4x/
108,https://www.apartments.com/marq-211-seattle-wa/66mq35t/
109,https://www.apartments.com/the-redwood-apartments-seattle-wa/dfh6vqk/
110,https://www.apartments.com/vantage-park-apartments-seattle-wa/7xrt90z/
111,https://www.apartments.com/union-bay-seattle-wa/l7flz7e/
112,https://www.apartments.com/2900-on-first-seattle-wa/6bc5xqv/
113,https://www.apartments.com/harrison-square-seattle-wa/kgz15p9/
114,https://www.apartments.com/lighthouse-apartments-seattle-wa/x2d837m/
115,https://www.apartments.com/taylor-28-seattle-wa/z14p66x/
116,https://www.apartments.com/metro-on-first-seattle-wa/ycyc6kv/
117,https://www.apartments.com/aspira-apartments-seattle-wa/f2c4n0r/
118,https://www.apartments.com/leva-on-market-seattle-wa/qqn6e1z/
119,https://www.apartments.com/adell-apartments-seattle-wa/d14ergl/
120,https://www.apartments.com/augusta-apartments-seattle-wa/lbgnpjg/
121,https://www.apartments.com/cielo-seattle-wa/teysb79/
122,https://www.apartments.com/axle-seattle-wa/438lw4l/
123,https://www.apartments.com/amli-wallingford-seattle-wa/sk5j017/
124,https://www.apartments.com/seventh-and-james-seattle-wa/x8ckjym/
125,https://www.apartments.com/john-winthrop-apartments-seattle-wa/c886jld/
126,https://www.apartments.com/2300-elliott-seattle-wa/4n7xxvh/
127,https://www.apartments.com/urbana-seattle-wa/hsfjf32/
128,https://www.apartments.com/youngstown-flats-seattle-wa/7s2qyhy/
129,https://www.apartments.com/panorama-apartments-seattle-wa/5em0kwq/
130,https://www.apartments.com/coppins-well-seattle-wa/fhknn4v/
131,https://www.apartments.com/washington-terrace-senior-affordable-apart-seattle-wa/1t52ye5/
132,https://www.apartments.com/slate-apartments-seattle-wa/g8rr8xz/
133,https://www.apartments.com/the-enclave-seattle-wa/d28m6wl/
134,https://www.apartments.com/the-eden-apartments-seattle-wa/0ssts93/
135,https://www.apartments.com/haller-post-seattle-wa/9nv2j95/
136,https://www.apartments.com/skye-at-belltown-seattle-wa/cvvye8f/
137,https://www.apartments.com/springline-seattle-wa/1kmqnv5/
138,https://www.apartments.com/the-heights-on-capitol-hill-seattle-wa/xpk1vsq/
139,https://www.apartments.com/rianna-seattle-wa/vbs52re/
140,https://www.apartments.com/uwajimaya-village-seattle-wa/3f2q02f/
141,https://www.apartments.com/the-pearl-seattle-wa/x335j5n/
142,https://www.apartments.com/anthem-on-12th-seattle-wa/cm38mee/
143,https://www.apartments.com/marq-west-seattle-seattle-wa/rqnp6r1/
144,https://www.apartments.com/alcyone-seattle-wa/gxmy4jw/
145,https://www.apartments.com/moda-seattle-wa/nlqgvcm/
146,https://www.apartments.com/chloe-on-madison-seattle-wa/dzd7kkl/
147,https://www.apartments.com/three20-seattle-wa/2czbqxc/
148,https://www.apartments.com/junction-47-seattle-wa/vqxedgg/
149,https://www.apartments.com/the-blake-apartments-seattle-wa/mtjmxvl/
150,https://www.apartments.com/travigne-on-11th-seattle-wa/9ncjl47/
151,https://www.apartments.com/the-whittaker-seattle-wa/p9bpgcr/
152,https://www.apartments.com/the-summit-at-lake-union-seattle-wa/l70dyjd/
153,https://www.apartments.com/vox-seattle-wa/20ymc0c/
154,https://www.apartments.com/4730-california-seattle-wa/frvvjxr/
155,https://www.apartments.com/astro-apartments-seattle-wa/zlt3kyz/
156,https://www.apartments.com/union-slu-seattle-wa/vk13mkg/
157,https://www.apartments.com/angeline-apartments-seattle-wa/66tvzer/
158,https://www.apartments.com/muse-seattle-wa/he61pb2/
159,https://www.apartments.com/greenhouse-apartments-seattle-wa/2fmpmf9/
160,https://www.apartments.com/prism-seattle-wa/x9v2zem/
161,https://www.apartments.com/cedar-park-senior-affordable-apartments-seattle-wa/gngssvw/
162,https://www.apartments.com/the-danforth-seattle-wa/v75401g/
163,https://www.apartments.com/the-leeann-seattle-wa/65vf8st/
164,https://www.apartments.com/orion-seattle-wa/sjcjs87/
165,https://www.apartments.com/cosmopolitan-seattle-wa/y8knpdr/
166,https://www.apartments.com/epicenter-seattle-wa/j3dvz74/
167,https://www.apartments.com/metroline-flats-seattle-wa/lk3v29g/
168,https://www.apartments.com/cypress-seattle-wa/pv15ezr/
169,https://www.apartments.com/the-perry-seattle-wa/rwd8ec0/
170,https://www.apartments.com/union-park-seattle-wa/8jpe6c0/
171,https://www.apartments.com/the-martin-seattle-wa/2v0jy28/
172,https://www.apartments.com/upton-flats-seattle-wa/j4k39z4/
173,https://www.apartments.com/east-union-seattle-wa/8sbxhc0/
174,https://www.apartments.com/keelson-ballard-seattle-wa/10k94k7/
175,https://www.apartments.com/helix-ellipse-seattle-wa/p52l3rv/
176,https://www.apartments.com/dimension-seattle-wa/01kp2y3/
177,https://www.apartments.com/guinevere-seattle-wa/9zyy3f5/
178,https://www.apartments.com/promenade-at-the-park-seattle-wa/c67n2xe/
179,https://www.apartments.com/willows-court-seattle-wa/0j92tn0/
180,https://www.apartments.com/king-arthurs-court-seattle-wa/j42xet4/
181,https://www.apartments.com/brookstone-apartments-seattle-wa/5cbj7vn/
182,https://www.apartments.com/verse-seattle-seattle-wa/982tvp4/
183,https://www.apartments.com/true-north-seattle-wa/cmr2y9e/
184,https://www.apartments.com/neptune-seattle-wa/dbk4zzk/
185,https://www.apartments.com/pratt-park-apartments-seattle-wa/dflxsxk/
186,https://www.apartments.com/sonata-at-columbia-station-seattle-wa/n1nt5zm/
187,https://www.apartments.com/ivy-ridge-seattle-wa/wcyj04k/
188,https://www.apartments.com/iron-flats-seattle-wa/dn77lzl/
189,https://www.apartments.com/mod-apartments-seattle-wa/5nl072q/
190,https://www.apartments.com/medora-seattle-wa/kxfyl3b/
191,https://www.apartments.com/hillview-seattle-wa/v1ymrdf/
192,https://www.apartments.com/willow-court-apartments-seattle-wa/hretqj0/
193,https://www.apartments.com/andante-seattle-seattle-wa/j43dvw5/
194,https://www.apartments.com/avanti-seattle-wa/s0dekb4/
195,https://www.apartments.com/cyrene-seattle-wa/ykgx3qr/
196,https://www.apartments.com/gilbert-apartments-seattle-wa/n08fd0m/
197,https://www.apartments.com/lucille-on-roosevelt-seattle-wa/jrtty95/
198,https://www.apartments.com/holgate-12-apartments-seattle-wa/5ghwmvn/
199,https://www.apartments.com/executive-estates-seattle-wa/2vnlp78/
200,https://www.apartments.com/nine-pine-seattle-wa/ebf0nwn/
201,https://www.apartments.com/m-street-seattle-wa/r2e3h72/
202,https://www.apartments.com/maple-leaf-plaza-seattle-wa/ht15g72/
203,https://www.apartments.com/avalon-micro-studios-seattle-wa/k0811y9/
204,https://www.apartments.com/quintessa-apartments-seattle-wa/fwdr4rt/
205,https://www.apartments.com/junction-160-shoreline-wa/3neq6bf/
206,https://www.apartments.com/sheridan-beach-terrace-lake-forest-park-wa/yt6f2ms/
207,https://www.apartments.com/reo-flats-seattle-wa/psbf27v/
208,https://www.apartments.com/sunset-electric-seattle-wa/n36rghn/
209,https://www.apartments.com/cambridge-park-villa-seattle-wa/0wnvy13/
210,https://www.apartments.com/hayes-on-stone-way-seattle-wa/57zcdkm/
211,https://www.apartments.com/viktoria-seattle-wa/vhsqwbf/
212,https://www.apartments.com/ballard-lofts-seattle-wa/ln4hnze/
213,https://www.apartments.com/green-lake-village-seattle-wa/dv08thk/
214,https://www.apartments.com/campus-view-seattle-wa/nf2e3dn/
215,https://www.apartments.com/dexter-seattle-wa/xmlmncq/
216,https://www.apartments.com/oxford-apartments-seattle-wa/2mz83wc/
217,https://www.apartments.com/zella-seattle-wa/fbcpdps/
218,https://www.apartments.com/alloy-seattle-wa/9zlrch7/
219,https://www.apartments.com/linden-square-seattle-wa/qrfnbww/
220,https://www.apartments.com/soren-apartments-seattle-wa/4gwlh0k/
221,https://www.apartments.com/charlesgate-seattle-wa/dkf7wml/
222,https://www.apartments.com/city-views-seattle-wa/wg70tzh/
223,https://www.apartments.com/parla-seattle-wa/dh0qy5j/
224,https://www.apartments.com/avant-apartments-seattle-wa/ntnpjxq/
225,https://www.apartments.com/zindorf-seattle-wa/cmkvh2e/
226,https://www.apartments.com/modera-south-lake-union-seattle-wa/mdyqhmj/
227,https://www.apartments.com/beacon-view-seattle-wa/nffsfmn/
228,https://www.apartments.com/700-broadway-apartments-seattle-wa/09hhwk1/
229,https://www.apartments.com/the-audrey-at-belltown-seattle-wa/snwyk77/
230,https://www.apartments.com/metropolitan-park-seattle-wa/xxyj11n/
231,https://www.apartments.com/the-galleria-seattle-wa/qctzxyz/
232,https://www.apartments.com/addison-on-fourth-seattle-wa/6tfx0gt/
233,https://www.apartments.com/northline-apartments-seattle-wa/d2scj5l/
234,https://www.apartments.com/jack-apartments-seattle-wa/zv49qhz/
235,https://www.apartments.com/residences-at-3295-seattle-wa/x5l44yq/
236,https://www.apartments.com/8th-republican-seattle-wa/8mbpsq2/
237,https://www.apartments.com/modera-jackson-seattle-wa/1xrgq75/
238,https://www.apartments.com/carolina-court-seattle-wa/pepz1js/
239,https://www.apartments.com/northgate-apartments-seattle-wa/t21ev9c/
240,https://www.apartments.com/ava-queen-anne-seattle-wa/xzw3r1m/
241,https://www.apartments.com/delridge-crossing-seattle-wa/ym21wdr/
242,https://www.apartments.com/alley24-seattle-wa/r6k4jf2/
243,https://www.apartments.com/domaine-seattle-wa/qebgp9w/
244,https://www.apartments.com/belay-apartments-seattle-wa/6j25nht/
245,https://www.apartments.com/noba-apartments-seattle-wa/kngnh08/
246,https://www.apartments.com/collage-seattle-wa/bk8lxkc/
247,https://www.apartments.com/viva-seattle-wa/h47dk02/
248,https://www.apartments.com/expo-seattle-wa/sbrljt6/
249,https://www.apartments.com/the-bernard-seattle-wa/869rxh3/
250,https://www.apartments.com/array-seattle-wa/jc7yzh5/
251,https://www.apartments.com/ava-ballard-seattle-wa/1en4zw7/
252,https://www.apartments.com/canvas-seattle-wa/gs4m8my/
253,https://www.apartments.com/annaliese-seattle-wa/3hg7qmd/
254,https://www.apartments.com/wharfside-pointe-seattle-wa/2pml6tc/
255,https://www.apartments.com/velo-and-ray-seattle-wa/h4x54t2/
256,https://www.apartments.com/collins-on-pine-seattle-wa/se8p7y5/
257,https://www.apartments.com/fountain-court-seattle-wa/renq601/
258,https://www.apartments.com/janus-apartments-seattle-wa/fbcqkwr/
259,https://www.apartments.com/rooster-apartments-seattle-wa/dm7bexl/
260,https://www.apartments.com/westside-flats-seattle-wa/kfy4y1c/
261,https://www.apartments.com/ava-capitol-hill-seattle-wa/5whybzq/
262,https://www.apartments.com/walton-lofts-seattle-wa/v0lh92f/
263,https://www.apartments.com/sunset-park-seattle-wa/slmnxc4/
264,https://www.apartments.com/greenlake-terrace-apartments-seattle-wa/pkt710r/
265,https://www.apartments.com/park-3025-seattle-wa/pmzn0bv/
266,https://www.apartments.com/rev-fremont-seattle-wa/p5tndjv/
267,https://www.apartments.com/marketside-flats-seattle-wa/qzz66cx/
268,https://www.apartments.com/cirrus-seattle-wa/5dqy53m/
269,https://www.apartments.com/axis-seattle-wa/8j6c370/
270,https://www.apartments.com/beryl-apt-homes-seattle-wa/q1swe6x/
271,https://www.apartments.com/avalon-belltown-towers-seattle-wa/lqg6zxd/
272,https://www.apartments.com/ava-belltown-seattle-wa/0dmpjt0/
273,https://www.apartments.com/monticello-seattle-wa/2bt4838/
274,https://www.apartments.com/boxcar-seattle-wa/91dpdt4/
275,https://www.apartments.com/the-park-at-northgate-seattle-wa/bybgj2b/
276,https://www.apartments.com/citizen-seattle-wa/vqv4lee/
277,https://www.apartments.com/luxe-at-meridian-seattle-wa/9qwrlb5/
278,https://www.apartments.com/joseph-arnold-lofts-seattle-wa/q2slmlw/
279,https://www.apartments.com/the-flats-at-interbay-seattle-wa/lkbxh1e/
280,https://www.apartments.com/sundodger-apartments-seattle-wa/wqqzmgj/
281,https://www.apartments.com/ellis-court-seattle-wa/xzj65qm/
282,https://www.apartments.com/icon-apartments-seattle-wa/lkb3bvd/
283,https://www.apartments.com/mysa-apartments-seattle-wa/vdk7fkd/
284,https://www.apartments.com/mosaic-on-greenwood-seattle-wa/yhm70ds/
285,https://www.apartments.com/o2-seattle-wa/ynmvz1v/
286,https://www.apartments.com/thai-binh-apartments-seattle-wa/cp71zlf/
287,https://www.apartments.com/pike-flats-seattle-wa/zep5k7x/
288,https://www.apartments.com/clarendon-seattle-wa/r658lf1/
289,https://www.apartments.com/1404-boylston-seattle-wa/1hz7e66/
290,https://www.apartments.com/stratus-seattle-wa/11r6ep5/
291,https://www.apartments.com/oregon-42-seattle-wa/lw6g5pg/
292,https://www.apartments.com/tower-801-seattle-wa/3qpwp1d/
293,https://www.apartments.com/aperture-on-fifth-seattle-wa/wq94pvl/
294,https://www.apartments.com/the-cornelius-apartments-seattle-wa/7tb4k0x/
295,https://www.apartments.com/lavie-at-queen-anne-seattle-wa/vyr43fe/
296,https://www.apartments.com/eastlake-flats-seattle-wa/j660y34/
297,https://www.apartments.com/manhattan-seattle-wa/5q5f6gq/
298,https://www.apartments.com/tressa-seattle-wa/g8xtqcx/
299,https://www.apartments.com/amli-535-seattle-wa/v7ckjpe/
300,https://www.apartments.com/the-noble-apartments-seattle-wa/j8lf2w6/
301,https://www.apartments.com/denny-18-seattle-wa/bqykys8/
302,https://www.apartments.com/north-court-apartments-seattle-wa/n6pemvp/
303,https://www.apartments.com/illumina-lake-union-seattle-wa/wp5jslj/
304,https://www.apartments.com/fifty-two-apartment-seattle-wa/bj6y0c9/
305,https://www.apartments.com/towers-on-greenwood-seattle-wa/np8h6xq/
306,https://www.apartments.com/vista-7011-seattle-wa/m1pke1l/
307,https://www.apartments.com/u20-apartments-seattle-wa/dgw4wwk/
308,https://www.apartments.com/the-stax-seattle-wa/gekbpwy/
309,https://www.apartments.com/seattle-urban-studios-seattle-wa/ch2fkgd/
310,https://www.apartments.com/montisi-seattle-wa/wjlzszj/
311,https://www.apartments.com/sidney-seattle-wa/wnwrg5l/
312,https://www.apartments.com/milan-apartments-seattle-wa/brpjwt8/
313,https://www.apartments.com/brentwood-square-seattle-wa/r4lwld3/
314,https://www.apartments.com/the-blakely-at-echo-lake-senior-55-seattle-wa/cnl684g/
315,https://www.apartments.com/1111-east-olive-apartments-seattle-wa/v0gk6mg/
316,https://www.apartments.com/elliott-bayview-seattle-wa/q12l5sy/
317,https://www.apartments.com/charbonneau-apartments-seattle-wa/n0m0h0n/
318,https://www.apartments.com/999-hiawatha-apartments-seattle-wa/ymfxrvv/
319,https://www.apartments.com/robins-nest-seattle-wa/1bl0g26/
320,https://www.apartments.com/aw-larson-building-seattle-wa/b3st0eb/
321,https://www.apartments.com/the-marlborough-seattle-wa/8m5h781/
322,https://www.apartments.com/vibe-fremont-seattle-wa/esgt2vq/
323,https://www.apartments.com/gardner-house-apartments-seattle-wa/bevnsp9/
324,https://www.apartments.com/reverie-seattle-wa/dh7bsbl/
325,https://www.apartments.com/noco-apartments-seattle-wa/h0k46q3/
326,https://www.apartments.com/franklin-station-seattle-wa/gf18eny/
327,https://www.apartments.com/autumn-ridge-apartments-seattle-wa/7wnxf2z/
328,https://www.apartments.com/the-westside-seattle-wa/dp1ykdh/
329,https://www.apartments.com/balfour-place-apartments-affordable-seattle-wa/hrqzpe1/
330,https://www.apartments.com/skyline-house-apartments-seattle-wa/sz40d85/
331,https://www.apartments.com/the-savoy-at-lake-city-seattle-wa/9xfx7r4/
332,https://www.apartments.com/oslo-seattle-wa/wsgwnnj/
333,https://www.apartments.com/harlow-heights-seattle-wa/1b3j314/
334,https://www.apartments.com/city-watch-apartments-seattle-wa/yfs5n2s/
335,https://www.apartments.com/hidden-creek-village-seattle-wa/5rp1jcq/
336,https://www.apartments.com/nolan-and-nora-seattle-wa/pw4kxhs/
337,https://www.apartments.com/meridian-place-apartments-seattle-wa/d8zksbk/
338,https://www.apartments.com/coronado-springs-seattle-wa/yv94tct/
339,https://www.apartments.com/greenwood-place-apartments-seattle-wa/xdm7kgp/
340,https://www.apartments.com/northbrook-place-seattle-wa/nv65x1q/
341,https://www.apartments.com/vali-hai-seattle-wa/dd3846k/
342,https://www.apartments.com/aj-apartments-seattle-wa/n6erncm/
343,https://www.apartments.com/sandpiper-apartments-seattle-wa/75lpwzx/
344,https://www.apartments.com/la-vista-apartments-seattle-wa/332hk8g/
345,https://www.apartments.com/modern-luxe-condos-seattle-wa/zkxf01x/
346,https://www.apartments.com/solis-seattle-wa/k4tylg8/
347,https://www.apartments.com/mcguire-court-apartments-seattle-wa/8cjj0h2/
348,https://www.apartments.com/muir-apartments-seattle-wa/6c2k0ns/
349,https://www.apartments.com/linden-flats-apartments-seattle-wa/elrzc1p/
350,https://www.apartments.com/the-grove-seattle-wa/30mkjnf/
351,https://www.apartments.com/the-nelson-seattle-wa/99x4g96/
352,https://www.apartments.com/lillehammer-seattle-wa/rs62rv2/
353,https://www.apartments.com/lake-washington-apartments-seattle-wa/xjkk8qm/
354,https://www.apartments.com/carkeek-park-place-seattle-wa/bx1rt49/
355,https://www.apartments.com/lake-city-court-seattle-wa/rgcw330/
356,https://www.apartments.com/sanford-hildebrandt-seattle-active-seniors-seattle-wa/w700gmj/
357,https://www.apartments.com/tod-apartments-seattle-wa/wfldyfk/
358,https://www.apartments.com/rainier-vista-seattle-wa/j80th74/
359,https://www.apartments.com/watercrest-lake-forest-park-wa/v0qkpyg/
360,https://www.apartments.com/arbour-court-apartments-burien-wa/p90ylwv/
361,https://www.apartments.com/11326-3rd-ave-ne-seattle-wa-unit-103/4kyx9lh/
362,https://www.apartments.com/jackson-apartments-seattle-wa/vblnwkf/
363,https://www.apartments.com/verve-flats-seattle-wa/8q8cpl2/
364,https://www.apartments.com/puget-vista-seattle-wa/gk6ms4z/
365,https://www.apartments.com/the-weatherford-seattle-wa/nberqfn/
366,https://www.apartments.com/spring-lake-apartments-seattle-wa/hx9fy92/
367,https://www.apartments.com/the-edge-seattle-wa/nz181vq/
368,https://www.apartments.com/elan-41-seattle-wa/84egbw0/
369,https://www.apartments.com/mad-flats-seattle-wa/xth2z9m/
370,https://www.apartments.com/taylor-creek-seattle-wa/x6yp1mp/
371,https://www.apartments.com/clearwater-apartments-star-apartments-seattle-wa/m4ypnhl/
372,https://www.apartments.com/the-ludlow-seattle-wa/5ywg7jp/
373,https://www.apartments.com/twenty20-mad-seattle-wa/gdbm6yx/
374,https://www.apartments.com/circa-green-lake-apartments-seattle-wa/bwmn6x8/
375,https://www.apartments.com/rubix-seattle-wa/d0d8fll/
376,https://www.apartments.com/union-arms-apartments-seattle-wa/k49mpk9/
377,https://www.apartments.com/parkridge-apartments-seattle-wa/x8qnsgq/
378,https://www.apartments.com/valdok-seattle-wa/q2wzw5x/
379,https://www.apartments.com/the-sedges-property-seattle-wa/20p15h9/
380,https://www.apartments.com/luna-seattle-wa/yey9vtr/
381,https://www.apartments.com/huxley-seattle-wa/r7j56j0/
382,https://www.apartments.com/southside-by-vintage-seattle-wa/5k7z6zp/
383,https://www.apartments.com/the-central-seattle-wa/kcbslz8/
384,https://www.apartments.com/ruth-court-seattle-wa/jg1s415/
385,https://www.apartments.com/hill-crest-seattle-wa/dcw5r9j/
386,https://www.apartments.com/magnolia-and-magnolia-crest-seattle-wa/7nlwjlw/
387,https://www.apartments.com/stockbridge-seattle-wa/bjk64qb/
388,https://www.apartments.com/kulle-urban-living-seattle-wa/2lnd318/
389,https://www.apartments.com/northbridge-apartments-seattle-wa/06ct6m3/
390,https://www.apartments.com/rainier-view-homes-seattle-wa/ll6bn7d/
391,https://www.apartments.com/common-summit-seattle-wa/1kqlte6/
392,https://www.apartments.com/ori-on-the-ave-seattle-wa/dys23mh/
393,https://www.apartments.com/riverview-west-apartments-seattle-wa/wy3qtxh/
394,https://www.apartments.com/1715-apartments-seattle-wa/n2d0dgn/
395,https://www.apartments.com/park-hill-greentree-apartments-seattle-wa/3614r9e/
396,https://www.apartments.com/lake-union-tower-seattle-wa/tw3dsq8/
397,https://www.apartments.com/lakeview-apartments-seattle-wa/jy0e037/
398,https://www.apartments.com/the-q-apartments-seattle-wa/r27w5z3/
399,https://www.apartments.com/mio-apartments-seattle-wa/vwsrwjf/
400,https://www.apartments.com/nova-seattle-wa/zhfzv0x/
401,https://www.apartments.com/normandy-apartments-seattle-wa/b353wfb/
402,https://www.apartments.com/ballard-57-apartments-seattle-wa/e04s10m/
403,https://www.apartments.com/spencer-house-seattle-wa/ylfgwlt/
404,https://www.apartments.com/star-apartments-seattle-wa/xwmfdlp/
405,https://www.apartments.com/blue-ridge-apartments-seattle-wa/4thgyql/
406,https://www.apartments.com/the-portland-building-seattle-wa/scvcpk5/
407,https://www.apartments.com/altamira-apartments-seattle-wa/xq7ntvq/
408,https://www.apartments.com/fox-finch-apartments-seattle-wa/2vfz449/
409,https://www.apartments.com/paul-revere-seattle-wa/hl8fnz1/
410,https://www.apartments.com/vermont-inn-seattle-wa/7xt12dz/
411,https://www.apartments.com/3517-110th-sw-st-seattle-wa-unit-basement/j6mnw04/
412,https://www.apartments.com/1449-s-main-st-seattle-wa/bq5tvz8/
413,https://www.apartments.com/720-lakeside-ave-s-seattle-wa-unit-108/j2jevk6/
414,https://www.apartments.com/tellus-on-dexter-apartments-seattle-wa/2t6p4k8/
415,https://www.apartments.com/2100-3rd-ave-seattle-wa-unit-1401/4sgwd5l/
416,https://www.apartments.com/2415-2nd-ave-seattle-wa-unit-535/p95sdsr/
417,https://www.apartments.com/4505-40th-ave-sw-seattle-wa-unit-a/e9rbvfm/
418,https://www.apartments.com/4215-whitman-ave-n-seattle-wa-unit-104/f898bht/
419,https://www.apartments.com/716-n-45th-st-seattle-wa-unit-1/n5qvhgq/
420,https://www.apartments.com/lane-seattle-wa/s7wg576/
421,https://www.apartments.com/113-13th-ave-seattle-wa/6z8dpss/
422,https://www.apartments.com/5526-16th-ave-ne-seattle-wa-unit-b/f8186es/
423,https://www.apartments.com/7150-sunnycrest-s-rd-seattle-wa-unit-3/mn0z3vh/
424,https://www.apartments.com/1740-melrose-ave-seattle-wa-unit-705/rwh4xe3/
425,https://www.apartments.com/3431-16th-ave-s-seattle-wa-unit-a/bwt1w89/
426,https://www.apartments.com/829-19th-ave-s-seattle-wa/jnq32h7/
427,https://www.apartments.com/1969-thorndyke-ave-w-seattle-wa-unit-n-a/0x1cfm2/
428,https://www.apartments.com/12329-roosevelt-way-ne-seattle-wa-unit-a204/zp2rndx/
429,https://www.apartments.com/3208-rainier-ave-s-seattle-wa-unit-303/prn5kev/
430,https://www.apartments.com/308-e-republican-st-seattle-wa-unit-412/evkg8eq/
431,https://www.apartments.com/met-tower-seattle-wa/qjgvn6y/
432,https://www.apartments.com/5424-delridge-way-sw-seattle-wa-unit-e/bgfvfhc/
433,https://www.apartments.com/5414-delridge-way-sw-seattle-wa/m09vp9h/
434,https://www.apartments.com/2700-4th-ave-seattle-wa-unit-406/ekvln2p/
435,https://www.apartments.com/12329-roosevelt-way-ne-seattle-wa-unit-d302/rf1kwx2/
436,https://www.apartments.com/114-1st-ave-s-seattle-wa-unit-1/vkc3d6g/
437,https://www.apartments.com/6732-15th-ave-nw-seattle-wa-unit-a/bn05dbb/
438,https://www.apartments.com/10528-midvale-ave-n-seattle-wa-unit-1/5lk8req/
439,https://www.apartments.com/3012-17th-ave-s-seattle-wa-unit-c/p1j2b3t/
440,https://www.apartments.com/3811-aurora-ave-n-seattle-wa-unit-2/j2h9915/
441,https://www.apartments.com/3044-30th-ave-w-seattle-wa/8elwdv0/
442,https://www.apartments.com/the-olivian-seattle-wa/srj9ny6/
443,https://www.apartments.com/1124-lakeview-blvd-e-seattle-wa-unit-2/f80fvwt/
444,https://www.apartments.com/2420-myrtle-sw-st-seattle-wa/mzz702k/
445,https://www.apartments.com/3043-alki-ave-sw-seattle-wa-unit-apt-2/h3cp4h1/
446,https://www.apartments.com/5015-38th-ave-ne-seattle-wa-unit-1/9sbh314/
447,https://www.apartments.com/1320-university-st-seattle-wa-unit-203/d5ezbqk/
448,https://www.apartments.com/1931-broadway-e-seattle-wa-unit-2a/1gzhk64/
449,https://www.apartments.com/1415-2nd-ave-seattle-wa-unit-2001/gp4cpfx/
450,https://www.apartments.com/1907-1st-ave-seattle-wa-unit-26/zhvqwmz/
451,https://www.apartments.com/3061-64th-ave-sw-seattle-wa-unit-3061/9b2gkt4/
452,https://www.apartments.com/1808-minor-ave-seattle-wa-unit-908/eshwgqn/
453,https://www.apartments.com/airmark-apartments-seattle-wa/qrmphlw/
454,https://www.apartments.com/583-battery-st-seattle-wa-unit-3106n/3b1n5de/
455,https://www.apartments.com/1307-e-john-st-seattle-wa-unit-306/wpwzlzj/
456,https://www.apartments.com/3300-beach-dr-sw-seattle-wa-unit-5/ts9xpfb/
457,https://www.apartments.com/4744-22nd-ave-ne-seattle-wa-unit-4744/37yt46f/
458,https://www.apartments.com/822-6th-ave-n-seattle-wa-unit-c/1rvh0e6/
459,https://www.apartments.com/assembly118-seattle-wa/bxw49bc/
460,https://www.apartments.com/4127-12th-ave-ne-seattle-wa-unit-4/e8nbn5p/
461,https://www.apartments.com/5101-ravenna-ave-ne-seattle-wa-unit-3/qwbckqz/
462,https://www.apartments.com/1816-boylston-ave-seattle-wa-unit-202/jsc8jt4/
463,https://www.apartments.com/5512-15th-ave-ne-seattle-wa-unit-203/1txdpl6/
464,https://www.apartments.com/5428-delridge-way-sw-seattle-wa-unit-c/jpye046/
465,https://www.apartments.com/1026-ne-65th-st-seattle-wa-unit-306/rjrqh91/
466,https://www.apartments.com/5528-e-green-lake-way-n-seattle-wa-unit-24/24v60qc/
467,https://www.apartments.com/5530-e-green-lake-way-n-seattle-wa-unit-302/27q63zb/
468,https://www.apartments.com/622-86th-nw-st-seattle-wa-unit-a/ntmr13m/
469,https://www.apartments.com/1800-43rd-ave-e-seattle-wa-unit-301/8f94kt3/
470,https://www.apartments.com/mera-seattle-wa/mb7682j/
471,https://www.apartments.com/1556-nw-ballard-way-seattle-wa-unit-2/z9yqfxx/
472,https://www.apartments.com/4704-22nd-ave-ne-seattle-wa-unit-8/8es1vx3/
473,https://www.apartments.com/12329-roosevelt-way-ne-seattle-wa-unit-a304/ly87dpf/
474,https://www.apartments.com/12312-40th-ave-ne-seattle-wa-unit-2c/6b89mtv/
475,https://www.apartments.com/2003-franklin-ave-e-seattle-wa-unit-403/5mxj5yq/
476,https://www.apartments.com/origin-apartments-seattle-wa/xkbt5xn/
477,https://www.apartments.com/2003-franklin-ave-e-seattle-wa-unit-203/qtzezxx/
478,https://www.apartments.com/1307-john-e-st-seattle-wa-unit-105/67stbtr/
479,https://www.apartments.com/3208-rainier-ave-s-seattle-wa-unit-301/whj3g0l/
480,https://www.apartments.com/13702-densmore-ave-n-seattle-wa/memm3tk/
481,https://www.apartments.com/2607-nw-56th-st-seattle-wa/94wn4m7/
482,https://www.apartments.com/4836-s-austin-st-seattle-wa-unit-08/m5shn0k/
483,https://www.apartments.com/1808-minor-ave-seattle-wa-unit-2208/cpjceff/
484,https://www.apartments.com/9557-ashworth-ave-n-seattle-wa-unit-a/8zn1ep3/
485,https://www.apartments.com/7940-35th-ave-sw-seattle-wa/stpg916/
486,https://www.apartments.com/337-ne-54th-st-seattle-wa-unit-a/zxc5q0x/
487,https://www.apartments.com/4708-22nd-ave-ne-seattle-wa-unit-12/s4wbkg5/
488,https://www.apartments.com/2012-43rd-ave-e-seattle-wa-unit-303/nrpwbbn/
489,https://www.apartments.com/1116-taylor-ave-n-seattle-wa-unit-b/xk5vrlq/
490,https://www.apartments.com/14009-35th-ave-ne-seattle-wa-unit-14009/69qjsvt/
491,https://www.apartments.com/1102-8th-ave-seattle-wa-unit-202/67nbjvv/
492,https://www.apartments.com/charbern-apartments-seattle-wa/xhwycjn/
493,https://www.apartments.com/1102-8th-ave-seattle-wa-unit-3/kkdwy2b/
494,https://www.apartments.com/4127-12th-ave-ne-seattle-wa-unit-9/stzyqt7/
495,https://www.apartments.com/326-mercer-w-st-seattle-wa-unit/pghx09t/
496,https://www.apartments.com/2040-nw-59th-st-seattle-wa-unit-1/ms8e93l/
497,https://www.apartments.com/204-24th-ave-e-seattle-wa/f5jjtbs/
498,https://www.apartments.com/1707-nw-57th-st-seattle-wa-unit-205/etmnhlp/
499,https://www.apartments.com/1519-nw-65th-st-seattle-wa-unit-3/vbsxd5e/
500,https://www.apartments.com/8801-aurora-ave-n-seattle-wa-unit-5/2h6wn4b/
501,https://www.apartments.com/848-ne-67th-st-seattle-wa-unit-109/jmcn8q6/
502,https://www.apartments.com/848-ne-67th-st-seattle-wa-unit-209/0rty4x3/
503,https://www.apartments.com/arthouse-seattle-wa/dgwn88h/
504,https://www.apartments.com/4313-fremont-ave-n-seattle-wa-unit-101/tsht37c/
505,https://www.apartments.com/1209-s-cloverdale-st-seattle-wa-unit-12/jtssrl4/
506,https://www.apartments.com/12329-roosevelt-way-ne-seattle-wa-unit-a204/nxpv9pm/
507,https://www.apartments.com/4255-gilman-ave-w-seattle-wa-unit-a/81gmee2/
508,https://www.apartments.com/705-n-39th-st-seattle-wa-unit-a/nnjlnkp/
509,https://www.apartments.com/1313-judkins-s-st-seattle-wa-unit-a/07z2qy0/
510,https://www.apartments.com/8801-aurora-ave-n-seattle-wa-unit-19/xn278kq/
511,https://www.apartments.com/116-14th-ave-e-seattle-wa-unit-1/r0t2kk0/
512,https://www.apartments.com/1215-queen-anne-ave-n-seattle-wa-unit-9/9tp2wf6/
513,https://www.apartments.com/12329-roosevelt-way-ne-seattle-wa-unit-c302/ecfxf4m/
514,https://www.apartments.com/the-station-at-othello-park-seattle-wa/jbdwrp5/
515,https://www.apartments.com/465-45th-n-st-seattle-wa-unit-304/g0xmnxx/
516,https://www.apartments.com/2939-s-mt-baker-blvd-seattle-wa-unit-b4/elwm5hm/
517,https://www.apartments.com/4902-rainier-ave-s-seattle-wa-unit-3/jq9t335/
518,https://www.apartments.com/5111-s-dawson-st-seattle-wa-unit-8/ky32gj8/
519,https://www.apartments.com/320-25th-ave-s-seattle-wa/kj28jm9/
520,https://www.apartments.com/elara-at-the-market-seattle-wa/15vbwd5/
521,https://www.apartments.com/3226-15th-ave-w-seattle-wa-unit-a/bw333bb/
522,https://www.apartments.com/3226-15th-ave-w-seattle-wa-unit-c/5qz975p/
523,https://www.apartments.com/4703-9th-ave-ne-seattle-wa-unit-6/342m3eg/
524,https://www.apartments.com/1120-93rd-n-st-seattle-wa-unit-405/fk6lfct/
525,https://www.apartments.com/1120-93rd-n-st-seattle-wa-unit-403/l8klgjf/
526,https://www.apartments.com/5224-brooklyn-ave-ne-seattle-wa-unit-8/5lppl5q/
527,https://www.apartments.com/16-valley-st-seattle-wa-unit-35/t7g9b39/
528,https://www.apartments.com/904-n-178th-st-seattle-wa/lwz3e4e/
529,https://www.apartments.com/939-martin-luther-king-jr-way-s-seattle-wa-unit-1/05d69p0/
530,https://www.apartments.com/1808-minor-ave-seattle-wa-unit-3206/6n37bgt/
531,https://www.apartments.com/329-23rd-ave-s-seattle-wa-unit-407/6v3yjms/
532,https://www.apartments.com/6706-17th-ave-sw-seattle-wa/k3eehcb/
533,https://www.apartments.com/6236-36th-ave-ne-seattle-wa/gsr7nfy/
534,https://www.apartments.com/1808-minor-ave-seattle-wa-unit-1406/v3vj52e/
535,https://www.apartments.com/5015-38th-ave-ne-seattle-wa-unit-cottage/fzm7csr/
536,https://www.apartments.com/5015-38th-ave-ne-seattle-wa-unit-2nd-floor/v7n83hf/
537,https://www.apartments.com/8372-wabash-ave-s-seattle-wa/whw9phj/
538,https://www.apartments.com/403-roy-st-seattle-wa-unit-8/1x96zc7/
539,https://www.apartments.com/6244-25th-ave-ne-seattle-wa/99k5tq5/
540,https://www.apartments.com/1110-8th-ave-seattle-wa-unit-10/glb7ezw/
541,https://www.apartments.com/park-south-seattle-wa/39gy0kf/
542,https://www.apartments.com/1102-8th-ave-seattle-wa-unit-5/v6cg46f/
543,https://www.apartments.com/3650-13th-ave-w-seattle-wa-unit-2/efrkkzn/
544,https://www.apartments.com/6635-carleton-ave-s-seattle-wa-unit-a/dy2n0bk/
545,https://www.apartments.com/1816-boylston-ave-seattle-wa-unit-306/pekdgns/
546,https://www.apartments.com/11038-greenwood-ave-n-seattle-wa-unit-35/f272qwr/
547,https://www.apartments.com/spruce-seattle-wa/4004bel/
548,https://www.apartments.com/11038-greenwood-ave-n-seattle-wa-unit-32/57jlb5n/
549,https://www.apartments.com/11038-greenwood-ave-n-seattle-wa-unit-31/hs8w4w1/
550,https://www.apartments.com/11038-greenwood-ave-n-seattle-wa-unit-41/wgjh29l/
551,https://www.apartments.com/11038-greenwood-ave-n-seattle-wa-unit-11/n5v38sm/
552,https://www.apartments.com/2004-dexter-ave-n-seattle-wa-unit-402/w8eh51j/
553,https://www.apartments.com/11038-greenwood-ave-n-seattle-wa-unit-42/531lf5p/
554,https://www.apartments.com/2004-dexter-ave-n-seattle-wa-unit-107/zgk9tfx/
555,https://www.apartments.com/2004-dexter-ave-n-seattle-wa-unit-301/vdv1n6g/
556,https://www.apartments.com/2004-dexter-ave-n-seattle-wa-unit-102/7p5lyyw/
557,https://www.apartments.com/2004-dexter-ave-n-seattle-wa-unit-307/mghr2gl/
558,https://www.apartments.com/the-mill-at-first-hill-seattle-wa/3z5s8mg/
559,https://www.apartments.com/2004-dexter-ave-n-seattle-wa-unit-207/sjbgdw7/
560,https://www.apartments.com/2004-dexter-ave-n-seattle-wa-unit-302/3t5nzzf/
561,https://www.apartments.com/2004-dexter-ave-n-seattle-wa-unit-405/x32cfgp/
562,https://www.apartments.com/2004-dexter-ave-n-seattle-wa-unit-106/0pmnvw1/
563,https://www.apartments.com/2004-dexter-ave-n-seattle-wa-unit-104/kv27f9b/
564,https://www.apartments.com/lofts-at-the-junction-seattle-wa/cpjhyce/
565,https://www.apartments.com/2004-dexter-ave-n-seattle-wa-unit-206/632bp2r/
566,https://www.apartments.com/2004-dexter-ave-n-seattle-wa-unit-204/qfq1vhx/
567,https://www.apartments.com/4073-gilman-ave-w-seattle-wa-unit-101/e08x8yq/
568,https://www.apartments.com/1105-spring-st-seattle-wa-unit-707/2pddthb/
569,https://www.apartments.com/2436-s-graham-st-seattle-wa-unit-11/0clcxs3/
570,https://www.apartments.com/2309-44th-ave-sw-seattle-wa-unit-a/weex1dj/
571,https://www.apartments.com/1970-harvard-ave-e-seattle-wa-unit-1/clbpf8d/
572,https://www.apartments.com/8801-aurora-ave-n-seattle-wa-unit-3/vy2tmcf/
573,https://www.apartments.com/13737-32nd-ave-ne-seattle-wa-unit-2/7xcdwsy/
574,https://www.apartments.com/901-ne-43rd-st-seattle-wa-unit-204/szx5mv4/
575,https://www.apartments.com/1950-alaskan-way-seattle-wa-unit-237/21fcceb/
576,https://www.apartments.com/414-10th-ave-seattle-wa/gwgt03z/
577,https://www.apartments.com/621-s-king-st-seattle-wa-unit-6/7bpz5mz/
578,https://www.apartments.com/1000-queen-anne-ave-n-seattle-wa-unit-206/eq5rzxq/
579,https://www.apartments.com/308-27th-ave-e-seattle-wa-unit-308/dqzcpfk/
580,https://www.apartments.com/saxton-seattle-wa/zsf985y/
581,https://www.apartments.com/3023-20th-ave-w-seattle-wa-unit-305/ckjjm6f/
582,https://www.apartments.com/8511-2nd-ave-ne-seattle-wa/zlv3l8y/
583,https://www.apartments.com/4547-8th-ave-ne-seattle-wa-unit-601/32vj2hd/
584,https://www.apartments.com/566-prospect-st-seattle-wa-unit-309/pfn3q1r/
585,https://www.apartments.com/2440-western-ave-seattle-wa-unit-710/0349sz1/
586,https://www.apartments.com/14007-35th-ave-ne-seattle-wa-unit-14007/ee9984m/
587,https://www.apartments.com/1717-taylor-ave-n-seattle-wa-unit-1717/pv1fjrs/
588,https://www.apartments.com/1711-taylor-ave-n-seattle-wa-unit-1711/pwxr0sr/
589,https://www.apartments.com/8801-aurora-ave-n-seattle-wa-unit-4/hdq1h50/
590,https://www.apartments.com/7015-rainier-ave-s-seattle-wa-unit-8/l15lxlf/
591,https://www.apartments.com/7015-rainier-ave-s-seattle-wa-unit-14/58kje6q/
592,https://www.apartments.com/5502-15th-ave-ne-seattle-wa-unit-4/fe64xvt/
593,https://www.apartments.com/412-30th-ave-e-seattle-wa/wg54yql/
594,https://www.apartments.com/5111-s-dawson-st-seattle-wa-unit-8/p2s3b3s/
595,https://www.apartments.com/1310-lakeside-ave-s-seattle-wa/2lph42b/
596,https://www.apartments.com/bogtown-flats-seattle-wa/7ttqnjy/
597,https://www.apartments.com/839-ne-85th-st-seattle-wa/bm8f8b8/
598,https://www.apartments.com/819-nw-50th-st-seattle-wa/1q59r57/
599,https://www.apartments.com/610-w-mcgraw-st-seattle-wa/f48b89r/
600,https://www.apartments.com/1611-e-spring-st-seattle-wa/m9zhxtl/
601,https://www.apartments.com/2414-1st-ave-seattle-wa-unit-624/1jwvrq5/
602,https://www.apartments.com/2415-2nd-ave-seattle-wa-unit-731/51wzrmn/
603,https://www.apartments.com/1556-nw-ballard-way-seattle-wa-unit-1/ths870c/
604,https://www.apartments.com/3036-5th-ave-w-seattle-wa-unit-1/n3mcqdm/
605,https://www.apartments.com/819-nw-50th-st-seattle-wa-unit-a/sjjlr15/
606,https://www.apartments.com/2415-2nd-ave-seattle-wa-unit-744/2q9k6w9/
607,https://www.apartments.com/2415-2nd-ave-seattle-wa-unit-732/0x1hme0/
608,https://www.apartments.com/2415-2nd-ave-seattle-wa-unit-745/y3tf2nt/
609,https://www.apartments.com/2414-1st-ave-seattle-wa-unit-623/hz5hpe1/
610,https://www.apartments.com/5808-15th-ave-ne-seattle-wa-unit-2/v951cyd/
611,https://www.apartments.com/1215-queen-anne-ave-n-seattle-wa-unit-5/jdzrhj5/
612,https://www.apartments.com/2040-62nd-nw-st-seattle-wa/bjzwmec/
613,https://www.apartments.com/1522-18th-ave-seattle-wa-unit-402/p0cgv6r/
614,https://www.apartments.com/2614-s-dearborn-st-seattle-wa/shcdgw6/
615,https://www.apartments.com/210-20th-ave-s-seattle-wa/1h8mgp6/
616,https://www.apartments.com/815-w-howe-st-seattle-wa/le8tvfd/
617,https://www.apartments.com/803-15th-ave-seattle-wa-unit-1/v5fr66d/
618,https://www.apartments.com/14345-stone-ave-n-seattle-wa/f4r64ds/
619,https://www.apartments.com/1927-9th-ave-w-seattle-wa/5m9v2pp/
620,https://www.apartments.com/8728-14th-ave-nw-seattle-wa-unit-0/hgc1663/
621,https://www.apartments.com/4511-40th-ave-ne-seattle-wa-unit-4511-1-2/7wlmwdx/
622,https://www.apartments.com/3-bedroom-in-seattle-wa-98178-seattle-wa/3b5zk3e/
623,https://www.apartments.com/403-terry-ave-seattle-wa-unit-apartment-2/hdxv2t3/
624,https://www.apartments.com/3119-w-commodore-way-seattle-wa/ec38prq/
625,https://www.apartments.com/1-br-1-bath-cooperative-9256-21st-ave-sw-seattle-wa/zj2cbkw/
626,https://www.apartments.com/3128-portage-bay-pl-e-seattle-wa/df4t26j/
627,https://www.apartments.com/2-bedroom-in-seattle-wa-98105-seattle-wa/wsysecj/
628,https://www.apartments.com/4115-e-galer-st-seattle-wa/2dl0bg9/
629,https://www.apartments.com/12233-fremont-ave-n-seattle-wa/2cg0e7c/
630,https://www.apartments.com/10229-38th-ave-sw-seattle-wa/mn37snk/
631,https://www.apartments.com/single-family-home-near-green-lake-seattle-wa/y3zfm9s/
632,https://www.apartments.com/rivet-apartments-seattle-wa/ye5ck9r/
633,https://www.apartments.com/stunning-judkins-townhome-seattle-wa/gfcqzsw/
634,https://www.apartments.com/11334-40th-ave-ne-seattle-wa/c5t0w1g/
635,https://www.apartments.com/100-martin-luther-king-jr-way-seattle-wa-unit-1/kz3fgs9/
636,https://www.apartments.com/0-bedroom-in-seattle-wa-98144-seattle-wa/t5clw39/
637,https://www.apartments.com/3-bedroom-in-seattle-wa-98106-seattle-wa/l32z0nf/
638,https://www.apartments.com/0-bedroom-in-seattle-wa-98112-seattle-wa/w9gkd8j/
639,https://www.apartments.com/6118-23rd-ave-s-seattle-wa/3p1tgbe/
640,https://www.apartments.com/817-martin-luther-king-jr-way-seattle-wa-unit-a23-2sw/9q5zeq7/
641,https://www.apartments.com/bright-3-bedroom-beacon-hill-home-seattle-wa/tmgggk8/
642,https://www.apartments.com/5-br-35-bath-house-12636-4th-ave-sw-seattle-wa/cwwtqme/
643,https://www.apartments.com/2-br-15-bath-house-3622b-22nd-ave-west-seattle-wa/e6qbf0m/
644,https://www.apartments.com/5800-46th-ave-s-seattle-wa/lwy7rlg/
645,https://www.apartments.com/2345-ne-104th-way-seattle-wa/6t2en6v/
646,https://www.apartments.com/3018-nw-85th-st-seattle-wa/dbs35wh/
647,https://www.apartments.com/1115-17th-ave-seattle-wa/6mfmhpr/
648,https://www.apartments.com/bowman-seattle-wa/3xvcwwe/
649,https://www.apartments.com/6012-5th-ave-nw-seattle-wa/2ely0z9/
650,https://www.apartments.com/11038-lake-city-way-ne-seattle-wa/3dbwrxg/
651,https://www.apartments.com/13341-15th-ave-ne-seattle-wa/mwkxd7h/
652,https://www.apartments.com/611-n-50th-st-seattle-wa/hvftj51/
653,https://www.apartments.com/4001-ne-50th-st-seattle-wa/140yt06/
654,https://www.apartments.com/4051-gilman-ave-w-seattle-wa/vlw403f/
655,https://www.apartments.com/7101-roosevelt-way-ne-seattle-wa-unit-107/n04g75m/
656,https://www.apartments.com/1-br-1-bath-condo-1000-aurora-ave-n-seattle-wa/1f2cp37/
657,https://www.apartments.com/8626-10th-ave-sw-seattle-wa/v6z2cvg/
658,https://www.apartments.com/1038-lakeview-blvd-e-seattle-wa-unit-b/56cg9wm/
659,https://www.apartments.com/ascent-south-lake-union-seattle-wa/gg967yx/
660,https://www.apartments.com/10765-14th-ave-sw-seattle-wa/y2cc8sv/
661,https://www.apartments.com/9405-45th-ave-sw-seattle-wa/spf9gs4/
662,https://www.apartments.com/11050-16th-ave-sw-seattle-wa/1q07qj5/
663,https://www.apartments.com/3115-s-192nd-st-seattle-wa/5kg6hxn/
664,https://www.apartments.com/2148-sw-holden-st-seattle-wa-unit-b3/dbb93nj/
665,https://www.apartments.com/14045-greenwood-ave-n-seattle-wa-unit-201/w3r6j6k/
666,https://www.apartments.com/2-bedroom-in-seattle-wa-98112-seattle-wa/hstmc50/
667,https://www.apartments.com/5-bedroom-in-seattle-wa-98125-seattle-wa/x1vb00m/
668,https://www.apartments.com/the-elektra-condominiums-2-bedrooms-seattle-wa-unit-507/b08b9n8/
669,https://www.apartments.com/charming-ballard-tri-plex-seattle-wa/5s683zm/
670,https://www.apartments.com/mckenzie-seattle-wa/tc4dx7b/
671,https://www.apartments.com/gorgeous-whittier-craftsman-seattle-wa/7wqbz4y/
672,https://www.apartments.com/9721-20th-ave-ne-seattle-wa/z05hcex/
673,https://www.apartments.com/3516-ne-75th-st-seattle-wa-unit-12/8kkq412/
674,https://www.apartments.com/10011-51st-ave-s-unit-c-seattle-wa/1pb67x6/
675,https://www.apartments.com/1408-ne-154th-st-seattle-wa/kj35zpc/
676,https://www.apartments.com/624-yale-seattle-wa/8k03zd2/
677,https://www.apartments.com/11405-37th-ave-sw-seattle-wa/6pcw8mv/
678,https://www.apartments.com/5134-s-fountain-st-seattle-wa/72jpb6y/
679,https://www.apartments.com/7309-3rd-ave-nw-seattle-wa/lgk2snd/
680,https://www.apartments.com/2-br-2-bath-condo-royal-crest-condominiums-seattle-wa-unit-apt-1905/k70jbs9/
681,https://www.apartments.com/2-br-2-bath-house-2721-1st-ave-1002-seattle-wa/ez9fg5q/
682,https://www.apartments.com/stazione25-seattle-wa/t6gpln8/
683,https://www.apartments.com/5511-university-way-ne-seattle-wa/zetzgcx/
684,https://www.apartments.com/1-br-1-bath-house-590-1st-ave-s-unit-1002-seattle-wa/7mq0ccx/
685,https://www.apartments.com/4-br-3-bath-house-1511-36th-ave-s-seattle-wa/n90evxm/
686,https://www.apartments.com/3250-california-ave-sw-seattle-wa/43prkpj/
687,https://www.apartments.com/1-br-1-bath-apartment-1120-n-93rd-street-seattle-wa/z562vly/
688,https://www.apartments.com/2323-w-newton-st-seattle-wa/62kp77r/
689,https://www.apartments.com/5631-california-ave-sw-seattle-wa/t2rz4xb/
690,https://www.apartments.com/100-aloha-st-seattle-wa/lp6qv4e/
691,https://www.apartments.com/6568-4th-ave-ne-seattle-wa-unit-26/4c94d7l/
692,https://www.apartments.com/201-galer-st-seattle-wa-unit-ste-328/lsqntje/
693,https://www.apartments.com/cadence-seattle-wa/ltbg8vd/
694,https://www.apartments.com/9514-8th-ave-nw-seattle-wa/c3h93kd/
695,https://www.apartments.com/105-mercer-st-seattle-wa/e6sjngp/
696,https://www.apartments.com/3849-woodlawn-ave-n-seattle-wa/93fck87/
697,https://www.apartments.com/1311-12th-ave-s-seattle-wa-unit-d201/rhy4rp3/
698,https://www.apartments.com/top-floor-condo-filled-with-light-seattle-wa/ex0kkzq/
699,https://www.apartments.com/alexan-100-seattle-wa/05exse0/
700,https://www.apartments.com/1021-s-bailey-st-seattle-wa/bdtxds8/
701,https://www.apartments.com/1210-alki-ave-sw-seattle-wa-unit-600/vlgzz2g/
702,https://www.apartments.com/2341-ne-55th-st-seattle-wa/sglbmk4/
703,https://www.apartments.com/4-br-3-bath-house-10044-46th-pl-ne-seattle-wa/tmy7mrc/
704,https://www.apartments.com/3-br-2-bath-house-9021-17th-ave-ne-upper-seattle-wa/0wb18x2/
705,https://www.apartments.com/vida-seattle-seattle-wa/97z0395/
706,https://www.apartments.com/2-br-1-bath-house-3854-30th-ave-w-seattle-wa/xheqcxm/
707,https://www.apartments.com/9020-35th-ave-sw-seattle-wa/v30ycng/
708,https://www.apartments.com/3017-60th-ave-sw-seattle-wa/c3726lg/
709,https://www.apartments.com/12340-33rd-ave-ne-seattle-wa/qtnn20y/
710,https://www.apartments.com/4-br-25-bath-house-929-23rd-ave-seattle-wa/8s1t8h2/
711,https://www.apartments.com/sedona-apartments-seattle-wa/ch0j5kf/
712,https://www.apartments.com/4706-sw-spokane-st-seattle-wa/2j8s4v8/
713,https://www.apartments.com/2407-e-ward-st-seattle-wa/m3w97sh/
714,https://www.apartments.com/1916-14th-ave-w-seattle-wa/84mql52/
715,https://www.apartments.com/3825-34th-ave-w-seattle-wa/nbllv4q/
716,https://www.apartments.com/11244-greenwood-ave-n-seattle-wa/rggk251/
717,https://www.apartments.com/7060-lincoln-park-way-sw-seattle-wa/bmgnlkb/
718,https://www.apartments.com/4528-44th-ave-sw-seattle-wa/1b3tjf7/
719,https://www.apartments.com/4915-lake-washington-blvd-s-seattle-wa-unit-a-b/qmsd7hx/
720,https://www.apartments.com/9711-greenwood-ave-n-seattle-wa/m50821h/
721,https://www.apartments.com/4919-sw-stevens-st-seattle-wa/qbqwd5w/
722,https://www.apartments.com/broadstone-sky-seattle-wa/nhhmrdp/
723,https://www.apartments.com/2425-montavista-pl-w-seattle-wa/0gyk240/
724,https://www.apartments.com/3518-sw-elmgrove-st-seattle-wa/nth6bcm/
725,https://www.apartments.com/2-br-1-bath-house-923-n-68th-street-seattle-wa/9z2brs5/
726,https://www.apartments.com/3-br-1-bath-house-8533-18th-ave-nw-seattle-wa/0rt1dx1/
727,https://www.apartments.com/1320-14th-ave-s-seattle-wa/9c70pk7/
728,https://www.apartments.com/overlook-at-westridge-seattle-wa/rjn5dh0/
729,https://www.apartments.com/10306-holman-rd-n-seattle-wa/5s3v6np/
730,https://www.apartments.com/311-6th-ave-s-seattle-wa/r686nv1/
731,https://www.apartments.com/1307-n-northgate-way-seattle-wa/rntlck3/
732,https://www.apartments.com/3631-13th-ave-w-seattle-wa/2bjkb4b/
733,https://www.apartments.com/500-w-mercer-st-seattle-wa/1e45yz6/
734,https://www.apartments.com/batik-seattle-wa/5kpgz8n/
735,https://www.apartments.com/6-br-3-bath-house-12705-27th-ave-ne-seattle-wa/wl67zmj/
736,https://www.apartments.com/3230-sw-avalon-way-seattle-wa/kw53xsb/
737,https://www.apartments.com/7719-renton-ave-s-seattle-wa/eg9exdq/
738,https://www.apartments.com/malloy-seattle-wa/f7vv06v/
739,https://www.apartments.com/garden-pointe-seattle-wa/n3e96pq/
740,https://www.apartments.com/hana-apartments-seattle-wa/8mhszb0/
741,https://www.apartments.com/sorento-flats-seattle-wa/bfnjskb/
742,https://www.apartments.com/rise-on-67th-seattle-wa/ydh6cdr/
743,https://www.apartments.com/derby-south-lake-union-seattle-wa/xyy1rmn/
744,https://www.apartments.com/oakwood-residence-seattle-south-lake-union-seattle-wa/995kg24/
745,https://www.apartments.com/novo-seattle-seattle-wa/nrb0ttm/
746,https://www.apartments.com/maude-urban-living-seattle-wa/kx2eyyc/
747,https://www.apartments.com/common-madison-seattle-wa/h8g2dd0/
748,https://www.apartments.com/kinects-tower-seattle-wa/59r318n/
749,https://www.apartments.com/arrive-seattle-wa/91t6ym4/
750,https://www.apartments.com/thornton-place-seattle-wa/ftt6p0v/
751,https://www.apartments.com/vertex-off-broadway-seattle-wa/c5t177e/
